Full URL,Crawls: Count On Period By Google,URL Path
https://www.newhomesource.com/homes/fl/sarasota-bradenton-area
http://www.newhomesource.com/learn/first-time-buyers
https://www.newhomesource.com/homes/fl/sarasota-bradenton-area?bath=1&bed=1
https://www.newhomesource.com/manufactured/fl/sarasota-bradenton-area
https://www.newhomesource.com/single-family-communities/tx/austin-area
https://www.newhomesource.com/single-family-homes/tx/austin-area
https://www.newhomesource.com/condo-townhomes/tx/austin-area
https://www.newhomesource.com/condo-developments/tx/austin-area

